{"cameraMode":{"drawMode":0,"name":"Shaded","section":"Shading Mode"},"sceneLighting":true,"audioPlay":false,"sceneViewState":{"m_AlwaysRefresh":false,"showFog":true,"showSkybox":true,"showFlares":true,"showImageEffects":true,"showParticleSystems":true,"showVisualEffectGraphs":true,"m_FxEnabled":true},"in2DMode":false,"pivot":{"x":16.875181198120118,"y":-41.19801712036133,"z":42.98016357421875},"rotation":{"x":-0.44870421290397646,"y":0.0005354202003218234,"z":-0.000265006092377007,"w":-0.893695592880249},"size":43.34895324707031,"orthographic":false}