{"cameraMode":{"drawMode":0,"name":"Shaded","section":"Shading Mode"},"sceneLighting":true,"audioPlay":false,"sceneViewState":{"m_AlwaysRefresh":false,"showFog":true,"showSkybox":true,"showFlares":true,"showImageEffects":true,"showParticleSystems":true,"showVisualEffectGraphs":true,"m_FxEnabled":true},"in2DMode":false,"pivot":{"x":12.51212215423584,"y":0.6112003326416016,"z":7.710929870605469},"rotation":{"x":-0.49888500571250918,"y":0.0018177567981183529,"z":-0.0010459781624376774,"w":-0.8666761517524719},"size":17.213388442993165,"orthographic":false}