{"cameraMode":{"drawMode":0,"name":"Shaded","section":"Shading Mode"},"sceneLighting":true,"audioPlay":false,"sceneViewState":{"m_AlwaysRefresh":false,"showFog":true,"showSkybox":true,"showFlares":true,"showImageEffects":true,"showParticleSystems":true,"showVisualEffectGraphs":true,"m_FxEnabled":true},"in2DMode":false,"pivot":{"x":74.07794189453125,"y":-3.98541259765625,"z":54.357521057128909},"rotation":{"x":-0.4134678542613983,"y":-0.015858452767133714,"z":0.0071724471636116508,"w":-0.9104025363922119},"size":65.69376373291016,"orthographic":false}