{"cameraMode":{"drawMode":0,"name":"Shaded","section":"Shading Mode"},"sceneLighting":true,"audioPlay":false,"sceneViewState":{"m_AlwaysRefresh":false,"showFog":true,"showSkybox":true,"showFlares":true,"showImageEffects":true,"showParticleSystems":true,"showVisualEffectGraphs":true,"m_FxEnabled":true},"in2DMode":false,"pivot":{"x":38.24909210205078,"y":2.4207077026367189,"z":18.270214080810548},"rotation":{"x":-0.3693428933620453,"y":0.007527262903749943,"z":-0.0029851465951651336,"w":-0.9292764067649841},"size":37.35927963256836,"orthographic":false}